Harvest Cycle,Average Temperature (Â°C),Average Humidity (%),Average pH,Average CO2 (ppm),Yield (kg)
1,21.17,89.81,7.75,984.22,99.18
2,11.18,85.63,7.2,945.1,105.33
3,18.72,86.84,7.05,998.8,104.57
4,15.43,85.47,7.28,,108.86
5,17.11,84.88,7.31,984.23,105.0
6,14.94,88.97,7.43,738.17,110.33
7,15.44,86.61,7.01,897.06,110.29
8,15.4,75.01,7.33,731.77,104.94
9,12.77,89.23,7.75,989.96,100.74
10,10.16,88.23,7.29,931.51,104.28
11,14.07,87.11,7.01,838.17,109.28
12,14.64,89.88,7.71,836.6,105.2
13,15.02,85.72,7.28,1124.17,105.91
14,12.59,87.03,7.18,986.9,105.29
15,16.18,,7.47,954.03,110.69
16,15.53,86.39,7.89,,106.15
17,18.46,75.28,7.92,1106.26,90.9
18,20.08,77.05,7.38,791.1,98.68
19,16.16,88.37,7.33,949.1,110.99
20,20.92,91.34,7.31,803.35,99.93
21,17.23,80.05,7.12,855.06,106.17
22,19.8,88.94,7.94,1039.71,95.97
23,17.21,89.75,7.14,734.7,110.33
24,10.78,86.54,6.69,994.75,100.26
25,17.91,86.95,7.61,712.99,105.61
26,17.25,88.69,7.71,821.56,104.25
27,15.18,85.29,6.76,,105.66
28,17.86,88.15,7.19,750.6,109.69
29,18.85,88.67,7.39,803.66,105.87
30,14.16,82.5,7.11,936.77,103.55
31,14.74,85.53,7.46,753.85,109.2
32,15.89,77.26,7.87,872.96,100.64
33,12.42,94.86,7.08,895.86,99.72
34,16.01,86.99,7.02,865.81,110.67
35,15.43,85.69,7.3,1183.02,104.86
36,14.13,85.24,7.67,946.11,105.99
37,17.88,85.23,7.12,755.13,110.73
38,11.79,86.02,7.75,870.93,98.87
39,11.74,93.76,7.47,998.51,100.41
40,13.54,80.88,7.2,928.12,100.0
41,15.96,76.77,7.27,865.39,104.04
42,15.19,89.36,7.27,793.11,110.4
43,14.19,86.17,7.44,864.89,110.7
44,16.42,89.79,7.12,1191.84,104.56
45,12.0,88.39,7.06,918.23,104.04
46,17.73,,7.01,997.5,109.23
47,14.71,88.4,6.86,931.21,103.89
48,13.28,78.4,7.33,801.02,101.38
49,16.22,82.48,7.84,1147.5,93.96
50,15.78,89.05,7.42,763.97,108.79
51,20.73,92.49,7.13,844.16,98.61
52,14.48,86.9,7.24,866.73,110.65
53,16.74,91.53,7.36,892.33,105.75
54,16.36,89.42,7.89,731.01,104.17
55,11.45,89.41,6.67,829.41,101.22
56,16.84,90.97,7.41,780.7,104.24
57,20.71,78.77,7.06,805.88,101.17
58,15.46,85.63,7.37,900.91,109.04
59,16.23,88.35,7.46,725.13,110.95
60,16.99,86.02,7.42,907.6,110.14
61,18.86,86.25,7.42,978.12,104.21
62,15.81,88.36,7.94,914.62,104.58
63,17.18,94.44,,703.14,106.24
64,16.14,89.37,7.47,910.52,109.38
65,15.33,85.68,7.71,914.62,104.74
66,21.84,85.46,7.26,853.12,104.9
67,18.91,85.59,6.75,1095.64,94.96
68,14.16,88.24,7.25,990.13,
69,15.27,85.46,7.41,989.16,109.53
70,12.45,87.61,7.39,935.44,105.23
71,14.05,81.8,7.12,875.06,103.84
72,14.88,86.38,7.34,860.49,111.4
73,11.65,76.03,7.63,960.55,96.45
74,14.9,83.23,7.35,931.85,105.43
75,17.67,86.75,6.55,879.86,104.53
76,17.38,89.65,6.76,943.37,105.84
77,15.7,88.78,7.06,940.4,109.51
78,19.86,85.19,7.8,763.61,98.6
79,16.65,77.42,7.21,839.81,103.89
80,16.6,85.6,7.74,706.77,105.42
81,21.79,85.61,7.17,842.05,105.08
82,15.22,90.45,7.15,806.54,105.18
83,17.51,86.11,7.04,991.59,111.37
84,15.53,93.98,7.5,938.33,104.33
85,19.59,83.52,7.37,945.0,
86,16.8,87.87,7.44,1161.23,105.74
87,17.19,85.68,7.31,992.74,109.57
88,14.22,88.82,7.77,927.54,104.16
89,14.79,87.45,7.43,818.45,109.12
90,,78.98,7.42,822.19,106.0
91,21.82,87.47,7.22,1019.64,101.23
92,12.58,88.65,7.44,820.42,106.34
93,15.41,94.8,7.24,987.08,105.73
94,14.02,88.28,7.25,805.63,110.02
95,16.77,85.61,7.26,787.0,108.68
96,14.01,78.47,7.48,719.37,105.44
97,17.92,93.87,7.85,934.88,100.63
98,18.95,88.38,7.78,782.61,99.69
99,17.28,88.57,7.19,1054.32,104.85
100,12.33,86.98,7.02,790.95,103.61
101,21.78,94.52,7.94,919.84,
102,17.96,88.68,7.62,961.01,106.5
103,14.32,86.65,7.11,943.33,110.68
104,21.47,87.57,7.1,907.02,105.52
105,16.69,87.45,7.2,926.1,108.55
106,15.42,90.0,6.81,891.5,104.88
107,15.17,87.17,7.33,969.76,109.16
108,16.74,88.53,7.06,962.41,110.06
109,14.68,86.8,6.6,1099.92,99.31
110,14.72,88.28,7.12,908.32,111.26
111,14.13,93.89,7.0,,104.79
112,12.83,89.04,7.06,811.83,105.96
113,21.27,85.36,7.8,1014.46,96.39
114,14.98,87.05,7.13,788.42,109.93
115,21.49,85.83,6.66,842.97,101.38
116,17.7,,7.48,770.58,110.09
117,17.59,88.21,7.43,716.18,109.74
118,14.53,76.86,7.1,864.67,105.08
119,11.43,91.89,7.71,822.11,94.15
120,18.24,89.02,7.12,1000.88,101.4
121,19.57,88.19,7.45,861.07,103.63
122,13.21,83.79,7.37,940.69,100.6
123,16.01,89.9,6.6,1150.07,99.78
124,15.94,87.93,7.03,942.37,108.93
125,11.34,85.41,7.01,982.95,105.54
126,14.11,88.53,6.51,846.61,105.83
127,16.21,85.04,7.63,841.18,105.67
128,15.69,87.91,7.39,746.36,109.83
129,16.03,94.35,7.24,961.5,104.76
130,16.66,85.1,6.83,1065.36,98.9
131,15.33,75.56,7.29,998.45,104.66
132,15.09,82.19,7.4,959.89,105.98
133,13.35,76.25,7.22,864.31,99.52
134,14.27,80.25,7.25,1110.9,99.77
135,11.03,87.75,7.41,824.11,105.83
136,17.33,89.72,6.88,819.56,105.4
137,15.67,89.88,7.09,,108.64
138,16.39,86.97,6.65,965.79,104.16
139,15.68,86.33,7.33,893.51,110.77
140,14.85,93.3,7.1,880.17,
141,15.72,89.24,7.2,910.57,109.0
142,15.71,85.28,6.54,727.27,104.56
143,12.49,86.81,7.35,894.6,105.09
144,12.26,89.06,6.82,923.83,101.09
145,16.48,86.67,7.46,815.03,108.84
146,14.04,89.56,7.04,837.89,109.17
147,15.46,89.01,7.15,734.64,111.18
148,16.32,92.87,7.94,960.79,100.56
149,17.71,89.71,6.64,864.28,
150,19.28,87.87,7.3,1035.13,100.98
151,15.02,77.12,6.59,938.12,100.47
152,17.03,89.3,7.17,976.86,110.16
153,15.46,88.47,7.98,764.63,103.84
154,21.62,78.36,6.65,808.5,95.35
155,17.69,78.24,7.84,1059.14,93.92
156,16.52,87.56,7.31,999.63,108.74
157,16.55,87.87,6.63,854.07,106.5
158,15.9,86.78,6.81,1176.1,100.57
159,21.3,87.17,7.4,837.0,106.42
160,14.44,85.96,6.76,850.0,104.53
161,15.66,85.78,7.3,1054.21,104.85
162,14.69,82.71,7.4,953.35,104.85
163,11.08,89.94,7.18,841.19,105.13
164,15.36,85.28,7.43,842.84,110.99
165,14.07,81.12,,813.71,103.95
166,17.54,89.46,7.78,888.3,105.16
167,17.2,87.48,7.1,816.72,110.22
168,17.38,87.73,7.46,924.97,111.1
169,16.88,88.32,7.87,937.02,104.98
170,11.76,86.37,7.36,972.7,103.61
171,16.71,88.94,7.93,800.49,106.26
172,15.44,94.69,7.47,941.56,104.01
173,15.91,92.3,7.46,878.05,105.53
174,20.65,89.85,7.4,984.29,103.74
175,19.07,81.84,7.24,865.86,100.07
176,18.49,90.18,7.39,711.0,99.32
177,19.12,87.32,7.31,932.19,104.0
178,11.92,85.57,7.14,722.37,106.17
179,14.88,86.28,6.88,1181.44,99.68
180,16.38,89.8,,833.7,108.57
181,21.67,88.15,7.62,1041.29,94.23
182,14.16,85.43,7.15,987.58,110.16
183,17.65,89.59,6.5,742.62,106.49
184,16.47,82.45,7.7,712.52,99.48
185,15.14,87.58,7.46,739.91,109.82
186,20.63,86.28,6.67,802.72,100.2
187,11.98,85.72,7.68,812.59,99.53
188,17.23,88.75,7.48,976.78,109.13
189,17.55,84.3,7.31,1023.44,99.28
190,14.46,89.47,6.78,931.77,106.08
191,17.09,88.47,7.43,758.24,110.25
192,16.67,83.79,7.84,845.84,99.12
193,12.92,80.09,7.1,919.52,98.95
194,15.71,85.14,7.08,833.25,111.48
195,17.9,89.06,7.68,1082.44,98.81
196,17.49,85.24,7.39,722.8,111.21
197,20.42,89.66,7.22,843.47,106.29
198,18.71,89.42,7.63,888.91,101.11
199,15.98,87.05,7.24,917.34,111.48
200,11.36,85.98,6.61,805.67,100.46
201,10.13,92.01,7.63,1122.11,89.28
202,10.52,94.37,7.18,919.08,100.37
203,16.88,87.3,7.85,879.99,104.63
204,16.99,86.66,7.9,912.78,105.78
205,15.25,92.02,6.75,862.7,99.69
206,17.65,87.02,7.38,974.56,109.92
207,14.32,86.98,6.57,824.97,104.85
208,10.24,85.66,7.01,804.84,105.61
209,13.58,86.36,7.01,801.99,105.2
210,14.67,81.06,7.39,909.58,104.83
211,15.81,86.28,7.38,1109.77,106.08
212,14.37,87.69,6.52,716.32,106.33
213,13.11,81.4,7.07,891.39,98.55
214,16.23,87.66,7.43,1097.07,105.14
215,14.45,91.94,7.22,937.67,105.25
216,10.22,90.74,6.79,819.94,94.17
217,15.38,88.61,7.3,951.44,110.71
218,16.49,93.56,6.84,857.44,98.68
219,15.3,93.75,8.0,1057.15,96.26
220,16.99,85.93,7.04,915.16,108.53
221,17.75,92.37,6.61,825.93,100.14
222,16.42,92.2,7.49,892.84,104.31
223,21.51,85.41,7.49,812.98,103.97
224,14.34,87.56,7.43,823.15,109.7
225,17.76,85.31,6.64,970.99,105.35
226,17.31,88.04,7.31,823.76,110.86
227,16.34,86.17,7.02,726.89,108.6
228,15.65,89.3,7.82,766.27,103.52
229,13.28,86.79,7.69,853.47,100.76
230,14.69,85.85,7.11,835.63,110.57
231,19.71,79.03,7.6,1058.6,88.76
232,14.66,90.34,7.43,1026.03,101.04
233,17.96,82.57,7.0,892.25,106.18
234,16.11,87.74,7.25,,109.69
235,16.67,86.22,6.87,744.29,105.35
236,14.62,85.54,7.3,966.81,109.73
237,16.52,87.16,7.43,816.72,110.07
238,15.83,88.02,7.49,811.04,109.07
239,14.43,89.52,7.25,1081.67,104.18
240,15.38,85.34,7.91,945.99,103.54
241,15.57,89.95,7.28,833.42,109.12
242,10.48,87.62,7.01,891.41,103.64
243,15.97,82.68,7.11,911.6,106.21
244,17.09,89.62,7.4,925.91,110.25
245,12.9,93.2,7.18,872.93,99.4
246,18.72,90.67,7.13,952.77,100.74
247,19.3,93.19,7.28,795.52,99.08
248,16.44,94.45,7.89,794.57,
249,14.84,87.29,7.38,999.2,108.95
250,13.35,89.85,7.28,955.46,105.76
251,11.21,88.64,7.06,835.18,105.43
252,11.37,87.99,6.86,771.41,100.15
253,17.51,88.8,7.08,1021.41,105.36
254,15.04,80.41,7.19,912.63,104.28
255,15.45,88.56,7.36,817.62,111.43
256,17.16,88.39,7.24,803.88,110.97
257,15.34,79.82,6.74,705.25,98.86
258,15.96,85.68,,1028.07,100.86
259,21.04,88.34,7.06,816.85,105.13
260,17.89,86.34,7.23,969.64,109.53
261,17.9,89.11,7.09,,109.87
262,15.79,86.96,6.62,893.9,105.26
263,21.43,88.26,7.49,909.56,103.71
264,17.71,85.05,7.06,923.09,108.71
265,13.27,86.22,7.64,872.34,100.41
266,,86.35,7.64,826.92,103.85
267,12.18,89.55,7.01,780.7,106.23
268,19.86,90.65,7.22,916.93,101.17
269,17.08,,7.5,860.59,109.57
270,15.47,88.67,7.94,999.26,104.98
271,19.83,86.59,7.75,826.53,100.55
272,16.1,87.15,7.41,921.27,110.79
273,13.29,89.67,7.38,991.31,
274,12.57,90.33,6.83,828.36,95.81
275,15.42,79.35,7.46,1039.46,99.5
276,11.79,89.7,7.42,811.65,104.67
277,10.19,86.52,7.37,926.58,104.03
278,15.52,93.08,7.23,1065.91,100.02
279,15.9,,7.33,,109.63
280,16.92,87.69,7.13,1188.87,106.05
281,19.74,87.14,7.44,798.66,104.22
282,17.11,88.17,7.16,761.29,109.57
283,10.81,86.47,7.38,843.85,104.29
284,19.23,92.41,7.07,956.14,100.69
285,17.74,78.29,7.22,981.44,104.25
286,17.65,85.96,7.71,880.51,104.38
287,12.16,79.29,7.31,994.4,99.56
288,15.62,86.59,7.8,750.48,105.88
289,17.63,85.15,7.34,904.36,109.83
290,14.46,91.21,7.33,767.65,105.35
291,14.27,88.65,7.08,885.65,110.79
292,17.93,85.4,7.9,806.92,104.04
293,16.25,92.63,7.5,700.75,
294,19.99,85.94,7.09,1016.13,100.21
295,14.41,94.21,7.25,893.93,104.44
296,19.23,80.91,7.33,906.15,100.9
297,14.33,87.76,7.79,951.22,105.39
298,21.74,94.1,7.41,923.87,99.99
299,17.79,85.4,7.19,800.41,110.15
300,19.66,92.48,6.55,811.08,95.96
301,14.6,85.1,7.17,815.11,111.03
302,17.71,85.67,7.31,1049.24,104.89
303,15.08,85.31,7.49,1198.25,104.4
304,14.61,85.42,7.1,972.39,111.38
305,14.22,86.13,7.15,832.57,108.61
306,15.63,85.28,7.4,894.73,109.61
307,16.92,85.51,7.23,871.56,108.96
308,16.51,89.15,6.58,920.37,106.23
309,16.03,88.92,7.38,828.67,110.4
310,15.47,85.7,7.33,900.85,109.3
311,,89.32,7.29,858.95,110.37
312,14.69,85.02,7.13,854.57,109.98
313,17.13,87.29,6.71,913.87,103.79
314,19.04,86.77,7.2,874.18,103.52
315,17.21,92.66,7.04,952.76,104.11
316,17.98,78.37,7.14,891.62,105.51
317,16.05,89.1,7.27,925.47,109.87
318,14.52,86.15,6.64,998.07,104.36
319,11.68,91.08,7.24,826.81,98.77
320,14.11,89.3,7.75,872.33,105.81
321,17.94,91.29,7.16,957.22,103.59
322,14.12,88.18,7.76,960.96,106.26
323,16.09,93.58,7.41,817.97,106.5
324,17.84,89.24,7.31,914.28,109.66
325,21.88,92.08,7.08,986.53,99.86
326,15.9,89.76,6.75,930.97,103.89
327,14.14,87.55,7.36,896.54,109.66
328,14.05,89.05,7.17,838.39,110.55
329,17.84,86.15,7.46,882.57,109.17
330,15.41,86.97,7.17,803.44,110.19
331,14.84,88.36,7.06,910.52,110.78
332,14.95,78.18,7.21,1114.15,100.78
333,11.11,90.76,7.34,709.49,101.12
334,15.87,91.99,7.06,812.17,104.34
335,18.31,85.58,7.79,964.05,100.26
336,14.05,86.72,7.18,831.29,110.75
337,11.18,89.44,7.07,805.92,105.43
338,15.73,75.82,6.65,847.56,100.01
339,19.92,81.06,7.27,781.64,99.08
340,19.16,93.09,7.38,885.38,100.17
341,14.96,89.76,,963.13,108.56
342,15.62,94.49,7.26,936.99,104.97
343,14.28,85.45,7.24,918.85,109.32
344,16.84,85.22,7.46,962.37,110.64
345,16.11,89.03,7.85,793.99,103.66
346,17.71,91.77,7.31,904.76,104.78
347,17.22,86.82,7.14,885.84,111.3
348,15.61,92.58,7.29,736.77,105.95
349,14.78,89.58,7.96,837.06,104.2
350,10.97,87.99,7.02,959.34,106.41
351,14.84,87.22,6.6,748.62,104.09
352,14.19,88.69,7.34,1070.71,106.07
353,20.34,87.98,6.53,870.08,100.95
354,14.01,86.55,6.85,918.45,105.24
355,19.52,93.01,7.12,852.4,100.22
356,17.07,86.24,7.92,709.96,104.36
357,14.29,82.18,7.1,903.52,105.93
358,14.6,76.54,6.67,815.59,101.47
359,18.97,83.86,7.74,835.55,94.08
360,12.78,86.52,7.86,717.51,101.26
361,15.37,86.73,7.68,952.15,104.32
362,15.29,85.49,6.81,902.33,
363,14.05,88.45,7.41,914.45,111.21
364,14.3,89.25,7.34,935.84,110.88
365,14.21,86.93,7.45,809.86,109.74
366,17.05,87.68,7.61,991.4,105.23
367,16.59,88.33,6.53,1044.5,98.91
368,,87.05,7.38,806.8,110.5
369,15.12,86.63,6.53,1135.58,98.66
370,16.89,87.72,7.25,891.21,109.45
371,14.18,88.06,7.22,904.6,110.78
372,17.83,90.38,7.35,918.04,104.74
373,16.79,78.81,6.87,998.13,99.47
374,17.79,81.28,7.45,823.42,104.01
375,17.5,80.75,7.45,820.58,103.62
376,17.01,80.39,6.73,915.53,100.31
377,18.95,86.42,7.92,998.11,100.6
378,14.17,93.29,7.4,828.57,104.59
379,10.02,83.69,6.85,869.16,96.5
380,14.38,75.96,7.43,799.29,104.93
381,19.85,85.83,7.69,958.8,100.26
382,17.22,88.14,7.72,930.69,105.22
383,12.8,85.65,7.31,908.13,
384,16.99,87.31,7.19,958.86,109.01
385,15.07,88.9,7.98,747.94,106.33
386,15.7,77.4,7.87,888.45,100.95
387,12.36,88.53,7.35,916.2,104.0
388,21.65,86.46,7.6,995.49,99.89
389,19.33,88.48,6.63,974.11,98.89
390,15.19,83.5,7.5,999.03,105.67
391,12.81,89.61,7.0,978.45,105.62
392,16.8,83.42,7.19,812.35,105.19
393,10.94,85.93,7.44,1176.22,100.03
394,17.87,87.69,7.48,859.84,111.33
395,15.33,88.13,6.74,733.95,105.49
396,15.9,87.73,6.56,870.37,105.05
397,15.41,91.28,7.2,861.75,105.99
398,15.41,80.01,7.34,917.58,104.62
399,19.86,89.57,,1156.24,100.54
400,14.37,89.42,7.28,817.63,111.31
401,14.85,85.12,7.38,905.01,108.8
402,14.44,85.34,7.16,,111.45
403,14.72,87.01,7.05,829.36,110.11
404,14.92,94.41,7.18,817.93,103.67
405,15.02,88.14,7.45,881.78,111.44
406,16.88,87.49,7.75,1098.01,101.01
407,17.88,91.28,7.06,810.08,103.65
408,19.81,87.76,7.38,960.32,105.26
409,16.71,86.23,7.34,1028.95,105.3
410,14.96,94.62,6.62,1008.13,93.97
411,15.76,85.12,6.83,1082.62,98.95
412,14.77,85.7,6.5,813.1,104.08
413,14.13,77.25,6.73,853.0,101.09
414,17.1,,7.14,1081.61,106.23
415,17.6,91.54,7.32,984.26,105.09
416,15.0,87.89,7.97,944.31,106.3
417,15.18,93.51,7.38,908.22,106.16
418,11.23,85.45,7.24,993.59,106.39
419,14.7,79.16,7.34,1026.69,99.83
420,19.48,89.18,6.86,991.18,100.83
421,17.95,,7.43,977.82,105.15
422,16.76,89.34,6.71,854.46,104.63
423,12.65,94.42,7.06,810.22,100.25
424,18.81,85.39,7.29,905.14,105.01
425,17.38,88.13,7.89,915.4,105.6
426,19.65,,7.48,937.07,104.19
427,18.71,86.26,7.05,741.23,103.68
428,15.16,90.0,6.82,1067.66,101.18
429,16.07,86.2,7.23,834.61,108.67
430,17.84,89.67,7.01,866.17,109.25
431,15.34,86.29,7.93,868.63,104.67
432,19.74,86.74,7.5,972.35,106.44
433,14.39,86.22,6.72,858.7,103.97
434,21.73,86.18,7.35,1065.8,100.18
435,14.52,80.15,7.25,978.0,103.93
436,16.29,87.5,7.11,903.83,111.33
437,15.69,87.99,7.64,936.65,103.65
438,,81.12,7.27,881.25,99.49
439,10.02,88.3,7.8,949.69,98.69
440,17.46,87.94,7.19,915.81,111.0
441,15.38,86.83,7.44,830.06,109.41
442,17.08,86.96,6.5,,104.28
443,17.72,91.5,7.24,747.03,105.69
444,15.89,88.32,7.45,780.35,109.31
445,14.77,86.12,7.94,882.0,104.38
446,14.42,89.21,7.27,990.77,110.79
447,17.07,86.41,7.12,808.59,108.64
448,16.7,88.38,7.5,767.13,
449,18.7,92.67,7.4,954.5,99.42
450,15.75,87.59,6.53,837.2,104.34
451,16.2,91.21,7.1,1097.97,101.45
452,12.94,90.87,7.46,762.82,99.73
453,12.17,85.63,7.48,1113.8,101.16
454,15.98,79.18,7.64,966.11,99.7
455,16.9,89.66,7.17,844.35,109.0
456,21.67,85.25,,970.03,101.21
457,15.28,89.25,7.27,877.31,111.17
458,17.35,86.1,7.16,825.03,109.62
459,15.75,85.42,7.69,982.42,104.63
460,14.34,75.97,7.06,765.2,106.27
461,17.81,92.17,7.05,915.51,105.24
462,20.89,85.92,7.42,902.33,105.78
463,17.07,80.09,7.66,846.24,101.02
464,15.47,76.87,7.31,894.79,104.62
465,16.88,94.29,6.62,772.79,99.99
466,15.89,92.65,7.38,932.55,106.18
467,11.17,85.41,7.01,928.06,104.64
468,15.37,89.56,7.95,761.1,103.77
469,,79.83,7.97,902.19,100.1
470,17.71,85.31,7.43,1141.67,106.29
471,15.91,85.92,7.05,891.61,110.03
472,11.89,89.65,6.67,981.72,98.91
473,10.19,88.97,7.63,950.08,100.54
474,11.24,76.91,7.66,858.02,96.0
475,21.14,85.12,7.04,844.52,103.92
476,16.81,92.13,7.25,740.02,103.84
477,16.43,88.83,7.41,714.23,109.78
478,14.64,85.62,7.31,1130.44,105.7
479,16.67,87.65,6.62,922.41,103.53
480,16.23,85.03,7.15,1098.46,104.78
481,16.41,92.83,7.18,966.28,106.1
482,16.99,78.68,7.4,1030.77,100.91
483,16.01,89.12,7.3,963.86,109.5
484,17.72,84.15,7.27,883.59,104.48
485,17.57,75.61,6.71,1196.26,94.37
486,17.44,89.48,7.38,1054.19,103.94
487,16.92,85.25,7.21,1003.63,104.17
488,16.01,89.61,6.53,1049.05,100.77
489,21.01,92.51,7.73,758.71,93.86
490,14.53,88.01,7.43,869.42,109.41
491,19.87,90.69,7.3,801.88,101.05
492,15.65,88.95,7.02,747.56,110.39
493,14.35,90.38,7.45,736.53,105.62
494,21.73,89.61,7.11,819.08,106.26
495,17.36,87.77,7.34,1070.23,104.47
496,15.75,89.97,6.63,987.13,105.08
497,15.87,77.19,7.26,1162.01,101.25
498,16.81,93.94,7.3,975.86,
499,,90.47,7.82,1091.7,95.47
500,14.13,85.78,6.88,832.46,104.82
501,16.41,87.15,7.27,824.5,110.07
502,15.88,89.58,7.3,966.85,109.18
503,15.44,88.13,7.73,967.33,106.46
504,13.4,83.81,6.8,839.19,94.77
505,17.51,85.38,6.72,987.71,104.24
506,14.59,88.38,7.43,,109.73
507,11.04,86.88,7.47,1184.44,99.67
508,11.51,86.09,7.41,786.71,105.15
509,11.04,90.55,7.43,970.39,101.13
510,14.59,82.3,7.45,860.75,104.64
511,17.3,89.06,7.88,908.23,104.94
512,16.39,89.68,7.67,810.45,104.9
513,11.48,87.17,7.45,939.9,104.99
514,10.42,85.51,,852.74,105.99
515,,83.96,7.23,1088.62,101.49
516,16.55,87.41,7.4,965.99,110.62
517,17.06,89.47,,845.2,109.86
518,16.35,86.39,7.26,1194.24,106.26
519,15.13,84.71,7.86,724.24,100.29
520,19.71,88.93,7.83,782.94,100.75
521,19.25,88.44,7.16,803.13,103.55
522,15.8,91.49,7.29,768.28,104.96
523,17.74,85.08,7.27,915.23,111.39
524,17.18,91.63,7.24,856.46,104.11
525,15.67,93.42,7.06,776.31,105.09
526,16.3,91.04,7.18,892.54,105.22
527,21.03,85.86,6.69,909.54,101.46
528,17.3,85.65,6.67,932.07,104.77
529,15.22,89.61,7.76,993.69,104.02
530,16.51,86.71,7.35,801.84,110.56
531,13.76,88.26,7.66,978.39,99.23
532,16.23,88.8,7.05,894.53,110.3
533,11.31,85.8,7.94,804.58,100.28
534,17.1,81.03,7.29,947.14,105.23
535,16.34,89.33,7.75,967.42,103.84
536,15.4,88.46,7.35,953.81,110.61
537,14.83,85.59,6.53,964.8,105.08
538,16.49,86.95,7.24,818.2,108.69
539,15.43,89.07,7.23,846.1,110.69
540,21.51,87.67,6.63,962.47,
541,11.56,87.16,7.4,831.43,103.56
542,15.55,85.07,7.11,931.31,108.52
543,15.13,90.58,7.27,968.18,105.06
544,12.38,88.2,7.1,759.23,103.69
545,18.52,88.59,7.33,811.23,106.22
546,16.51,88.87,7.2,860.11,110.94
547,16.95,87.76,7.86,806.8,105.92
548,16.64,87.5,7.37,813.58,110.76
549,20.03,79.59,7.2,934.57,99.28
550,15.4,88.31,6.76,926.39,105.18
551,15.89,81.66,7.19,862.06,104.39
552,14.04,87.35,7.42,801.3,109.61
553,16.9,88.08,7.27,885.2,109.15
554,18.0,88.22,7.78,1011.59,99.15
555,16.61,87.59,7.24,805.39,108.64
556,15.21,87.4,7.74,945.79,104.84
557,17.78,85.49,7.43,977.51,110.57
558,11.79,86.24,7.5,986.61,104.84
559,14.08,89.48,7.47,875.83,109.88
560,17.13,83.05,7.61,810.65,101.48
561,11.48,85.07,7.47,942.18,104.6
562,16.15,87.63,7.42,881.75,110.8
563,21.13,89.5,7.1,841.52,105.63
564,16.05,92.56,7.38,789.54,104.21
565,15.73,89.52,7.4,869.4,108.74
566,17.82,86.88,7.02,945.06,111.45
567,13.29,87.27,7.48,838.77,106.15
568,10.22,89.69,6.51,965.07,101.06
569,16.01,86.67,7.02,884.71,109.04
570,20.65,86.68,6.88,853.45,99.16
571,15.69,89.1,7.08,878.48,111.03
572,16.9,89.63,7.48,789.53,109.74
573,17.33,89.23,7.08,772.81,111.38
574,17.34,85.68,7.86,1158.67,101.22
575,17.21,87.79,7.01,909.35,110.79
576,16.85,92.64,7.14,909.39,105.73
577,14.48,87.23,6.75,1040.44,100.82
578,18.57,89.37,7.4,884.33,105.06
579,14.98,94.29,7.14,934.0,105.02
580,14.09,94.46,7.32,800.23,104.21
581,16.43,87.78,6.79,1061.01,100.47
582,14.82,87.84,6.63,921.28,103.9
583,16.17,89.29,7.45,885.52,110.97
584,16.54,87.35,7.04,788.66,109.87
585,17.92,86.43,7.42,970.5,110.38
586,10.79,86.95,7.22,923.52,104.14
587,11.42,76.49,7.34,942.25,100.28
588,15.82,89.72,6.62,862.19,104.84
589,16.39,89.75,7.24,718.94,108.78
590,19.02,86.6,6.74,810.08,100.0
591,14.7,86.66,7.29,1160.8,104.94
592,16.46,87.64,7.12,1117.84,103.59
593,16.35,88.39,6.66,715.47,106.05
594,17.35,,7.28,1023.32,99.46
595,14.46,86.21,7.1,955.01,111.03
596,13.45,87.78,7.81,1018.61,93.98
597,16.96,89.22,6.57,770.74,104.77
598,20.21,82.89,7.93,1125.6,91.44
599,14.02,82.84,6.77,840.64,101.33
600,20.39,87.88,7.44,966.42,105.19
601,18.35,89.36,7.95,902.24,100.38
602,19.22,89.92,7.25,980.28,104.23
603,12.69,78.63,7.01,941.6,101.29
604,19.9,85.06,6.81,935.98,98.78
605,17.25,86.88,7.96,979.75,103.64
606,11.78,93.96,7.14,869.28,99.45
607,14.19,85.82,7.3,919.9,108.93
608,15.01,85.85,,987.22,105.15
609,16.05,92.24,7.43,1039.24,101.25
610,16.5,85.98,7.18,818.48,111.06
611,15.92,82.35,7.19,804.74,103.89
612,17.24,85.99,7.31,950.15,109.64
613,11.72,89.72,7.33,945.75,104.0
614,16.77,94.74,7.03,935.88,105.9
615,15.18,88.11,6.85,993.7,106.13
616,14.26,79.8,7.17,861.68,105.73
617,14.82,84.62,7.29,959.79,106.07
618,17.98,86.79,7.26,899.68,111.15
619,17.56,86.73,6.87,889.74,105.71
620,17.56,77.76,7.81,800.68,100.3
621,16.66,85.28,7.47,955.72,110.88
622,12.68,85.97,7.33,761.57,106.34
623,17.46,88.97,7.41,945.9,110.14
624,15.3,93.78,7.18,814.32,103.94
625,14.4,77.87,7.24,884.39,105.66
626,18.35,77.49,7.11,983.55,99.48
627,15.98,85.65,7.1,1199.88,106.5
628,16.73,89.82,7.19,726.89,108.58
629,11.13,82.9,7.08,756.34,98.67
630,16.91,90.93,7.16,850.45,105.42
631,16.39,77.36,7.03,898.73,105.09
632,14.69,89.46,7.01,805.7,109.4
633,18.9,88.25,7.23,1163.88,99.65
634,13.83,85.38,7.1,838.46,105.46
635,17.62,77.44,7.2,913.45,105.97
636,14.48,86.44,7.03,915.76,111.02
637,16.66,87.05,6.74,853.6,104.79
638,17.84,85.68,7.22,1118.58,104.18
639,17.1,88.48,7.7,807.73,104.99
640,11.44,86.89,6.58,768.92,99.91
641,18.25,91.67,7.22,977.36,100.42
642,15.18,92.59,7.98,790.65,100.74
643,17.45,85.68,6.86,885.42,105.75
644,10.29,89.93,6.52,1059.88,94.89
645,16.55,81.41,7.27,,104.37
646,17.35,87.21,7.73,926.4,104.04
647,17.78,85.79,7.03,887.28,109.26
648,14.54,82.89,7.63,916.2,98.84
649,12.04,93.33,7.35,1028.28,95.07
650,14.9,89.45,6.89,924.45,105.72
651,16.28,85.89,7.33,763.31,110.04
652,14.44,84.31,7.47,901.29,105.02
653,16.47,88.11,6.86,1078.19,100.03
654,10.65,89.57,6.74,852.81,98.66
655,15.73,88.66,7.04,886.71,110.68
656,16.55,85.83,7.44,803.39,108.64
657,18.95,88.7,7.12,760.6,104.29
658,15.57,81.67,7.5,879.47,104.69
659,17.29,87.98,7.43,785.91,110.56
660,18.51,88.85,6.81,1167.23,96.11
661,21.97,85.8,7.8,895.61,99.7
662,21.55,88.46,7.44,844.55,106.35
663,10.05,94.5,7.5,813.33,98.86
664,17.06,77.88,6.68,887.25,98.54
665,21.37,85.72,7.04,814.98,103.75
666,16.49,94.37,7.42,866.1,103.98
667,17.27,91.25,7.03,1137.32,101.44
668,11.99,88.31,,803.97,104.65
669,21.62,87.9,7.01,803.74,103.99
670,14.89,86.33,7.4,952.11,110.52
671,16.75,87.47,7.35,1051.22,104.38
672,18.23,89.51,7.63,965.59,101.31
673,20.02,89.16,7.19,856.38,105.22
674,15.34,85.14,7.35,992.78,111.2
675,16.45,89.89,6.87,931.57,104.02
676,10.89,76.76,7.03,972.22,99.43
677,17.85,87.27,7.34,1138.84,104.91
678,14.76,90.37,7.16,1034.93,99.19
679,14.37,92.05,7.09,1084.98,99.5
680,17.72,86.91,7.08,869.2,111.0
681,10.44,94.51,7.88,736.44,93.52
682,16.01,85.02,7.35,742.24,109.97
683,16.72,89.88,7.33,869.96,111.11
684,15.44,89.25,7.15,930.68,109.47
685,12.74,87.48,7.61,1089.0,95.67
686,15.56,85.27,7.16,837.61,110.79
687,21.18,87.28,7.3,867.39,106.12
688,10.07,86.7,7.38,969.07,104.78
689,13.85,,7.16,866.94,100.25
690,14.68,88.82,7.73,1115.98,99.19
691,17.39,75.66,7.41,928.93,104.78
692,15.55,91.47,7.26,977.36,104.57
693,12.52,86.1,6.88,741.13,101.07
694,13.32,85.21,7.31,910.79,105.2
695,14.27,94.42,7.11,996.51,104.06
696,11.21,82.06,7.31,1190.17,93.85
697,15.98,86.45,7.74,881.72,105.74
698,16.05,88.98,7.15,812.91,110.41
699,19.02,76.75,,826.78,
700,20.12,91.34,7.15,934.55,100.51
701,16.93,85.7,7.33,1070.31,104.24
702,20.09,77.1,6.86,946.35,95.2
703,11.56,84.74,6.65,796.47,95.82
704,14.5,86.68,7.93,933.77,105.67
705,12.66,77.05,7.01,892.08,100.15
706,16.66,76.49,7.47,842.64,105.89
707,17.04,86.93,7.44,789.34,109.9
708,13.57,87.59,7.18,1192.82,99.35
709,15.0,86.45,7.45,848.41,111.05
710,21.56,85.61,7.82,907.82,100.31
711,11.76,89.69,7.37,862.65,103.53
712,14.83,85.02,7.01,837.05,110.16
713,17.09,89.07,7.05,959.35,111.42
714,,83.69,7.38,824.88,103.9
715,10.83,88.25,7.25,898.87,103.86
716,15.5,86.76,7.91,841.27,105.71
717,14.33,87.14,6.57,842.1,104.44
718,17.71,94.22,7.22,926.35,106.19
719,13.37,86.97,7.26,906.56,104.47
720,18.74,89.84,7.33,966.74,104.38
721,15.24,92.19,6.87,860.92,101.0
722,18.32,94.5,7.34,878.44,99.38
723,14.86,88.11,7.7,910.19,104.73
724,16.78,87.22,7.22,885.76,110.23
725,16.04,88.05,7.1,808.59,109.63
726,19.47,85.87,7.42,910.93,106.33
727,17.16,85.98,7.24,967.29,111.21
728,21.73,86.72,7.16,897.46,106.15
729,19.32,89.82,7.39,811.37,104.06
730,20.21,89.6,7.3,787.13,106.14
731,10.77,94.29,7.32,817.03,98.91
732,15.29,85.9,7.38,916.22,108.6
733,16.32,89.91,7.23,993.04,109.0
734,18.87,88.48,7.36,970.95,104.39
735,15.91,89.17,7.17,804.68,
736,11.81,86.54,7.24,1047.46,100.93
737,17.1,81.42,7.39,871.81,106.1
738,12.05,86.3,7.41,728.57,104.89
739,18.14,,7.39,881.27,106.22
740,17.65,88.33,7.07,778.4,109.83
741,15.65,86.11,7.95,887.2,104.85
742,16.98,90.71,7.3,921.06,104.17
743,17.52,84.83,7.15,924.05,105.04
744,16.03,92.73,7.13,872.86,106.37
745,15.02,88.24,7.25,747.04,111.25
746,21.93,84.16,7.27,960.16,99.27
747,16.66,89.87,7.36,855.56,108.5
748,14.99,81.6,7.38,936.57,104.67
749,18.25,85.14,7.12,794.2,104.38
750,20.36,91.47,6.7,891.47,95.93
751,16.74,92.77,7.34,867.49,105.82
752,21.78,86.46,7.03,794.79,106.44
753,,85.02,7.39,977.51,110.64
754,17.87,79.27,6.81,922.16,100.25
755,20.45,90.16,7.02,1001.08,96.48
756,21.42,88.22,7.83,879.43,101.03
757,16.01,82.0,7.47,883.82,104.65
758,20.0,93.74,7.27,1023.25,93.9
759,17.42,76.23,7.43,929.79,104.9
760,14.72,89.63,7.11,851.66,109.19
761,17.76,86.0,7.4,859.79,109.13
762,17.34,,7.45,918.6,104.39
763,14.56,88.42,7.36,888.3,110.14
764,14.89,92.08,7.16,761.79,106.42
765,17.74,89.75,6.76,896.67,104.38
766,15.46,86.73,7.12,817.86,108.74
767,16.96,85.65,7.49,,108.58
768,20.94,86.85,7.13,721.33,105.38
769,16.69,87.8,7.4,861.79,110.53
770,16.64,86.35,7.16,875.71,109.44
771,11.39,89.82,7.12,889.6,103.92
772,14.39,88.61,7.31,1020.79,105.95
773,15.67,88.33,7.3,799.07,110.78
774,16.08,85.85,,1109.46,105.23
775,14.52,85.16,7.25,1062.98,106.16
776,,85.98,6.69,894.16,106.2
777,18.67,75.42,7.22,811.79,99.75
778,14.95,82.49,7.15,929.22,103.52
779,19.41,85.01,7.47,841.29,103.86
780,16.6,92.03,7.65,926.16,99.66
781,15.47,86.04,7.81,995.0,103.58
782,14.48,86.84,7.12,823.15,110.37
783,17.94,87.11,7.21,806.42,108.56
784,16.9,89.77,7.16,891.62,110.5
785,14.81,88.45,7.22,859.55,108.84
786,,87.51,7.09,861.84,105.51
787,16.84,89.26,7.38,937.97,111.03
788,16.67,85.19,7.08,1136.85,105.65
789,17.89,87.93,7.19,1030.57,104.43
790,17.09,89.34,7.14,782.96,109.3
791,14.84,88.17,6.89,902.85,104.19
792,17.28,89.91,7.08,1027.76,104.69
793,17.66,79.43,7.44,997.42,104.8
794,17.78,88.89,7.07,827.21,109.51
795,18.2,81.71,6.79,862.79,96.13
796,17.66,85.86,7.12,854.64,109.39
797,17.29,91.01,,943.97,101.11
798,15.6,80.01,7.88,859.49,100.04
799,16.5,93.07,7.42,935.61,106.07
800,17.05,82.89,7.61,799.37,100.97
801,20.93,86.25,7.33,975.83,105.47
802,11.55,89.63,7.43,824.03,106.29
803,14.78,78.72,7.03,972.96,104.29
804,14.83,82.11,7.34,718.37,105.39
805,20.25,88.51,7.21,712.85,106.31
806,15.74,92.97,6.53,816.87,100.32
807,17.92,86.72,7.08,816.97,108.78
808,15.59,86.32,7.37,888.14,111.21
809,10.36,89.02,7.19,874.25,104.97
810,13.26,85.19,7.21,857.35,104.76
811,15.17,85.74,7.13,959.79,110.47
812,21.85,88.81,7.72,903.85,99.47
813,15.19,88.53,7.37,844.59,109.84
814,15.21,91.48,7.5,880.56,105.34
815,16.8,86.88,7.12,1018.89,104.83
816,16.89,87.13,7.05,856.83,110.94
817,15.27,93.43,7.02,852.49,105.27
818,15.48,85.29,7.29,851.37,108.86
819,14.48,88.09,7.16,1106.3,104.61
820,21.77,85.04,7.23,1012.19,99.11
821,14.4,92.75,7.26,918.99,103.89
822,14.17,91.83,7.29,1044.96,101.39
823,14.72,87.38,7.42,942.7,109.14
824,14.72,89.22,7.45,715.19,110.15
825,16.09,89.32,7.45,1098.89,105.31
826,14.07,85.41,6.87,720.66,103.94
827,21.27,94.63,7.42,934.68,100.83
828,17.25,91.72,7.39,811.06,106.07
829,10.83,87.14,6.79,1125.9,94.06
830,10.56,76.24,7.24,863.0,99.64
831,11.56,84.34,7.37,839.59,101.2
832,16.51,91.13,7.11,840.9,105.67
833,14.3,89.58,7.4,723.49,110.82
834,17.24,85.91,7.25,974.18,109.73
835,15.24,79.61,7.1,822.95,105.43
836,16.93,88.81,7.04,1170.55,104.06
837,21.73,87.53,,810.36,103.66
838,11.62,86.6,7.77,852.85,100.29
839,17.72,83.04,7.28,1012.13,99.12
840,16.48,86.45,7.04,702.29,110.59
841,15.57,85.9,7.36,707.3,108.72
842,17.46,89.64,7.97,809.41,104.13
843,21.19,85.64,7.17,1022.36,100.68
844,16.74,89.52,7.0,981.68,
845,14.11,86.5,7.03,986.9,110.91
846,15.17,79.61,6.63,918.77,99.95
847,14.08,85.31,7.09,1098.13,103.53
848,17.51,81.58,7.35,882.14,105.71
849,11.69,87.74,7.17,966.77,104.0
850,14.48,86.12,7.42,903.25,110.58
851,21.44,84.54,7.01,845.72,100.93
852,12.75,93.67,6.83,838.22,95.18
853,18.48,86.67,6.7,907.68,98.51
854,10.79,86.47,7.43,881.06,104.71
855,17.98,87.93,7.36,953.63,110.73
856,15.85,81.88,7.17,,104.74
857,14.68,88.66,7.19,975.64,109.28
858,17.52,81.04,7.11,739.51,104.31
859,11.9,87.5,7.15,836.99,105.73
860,14.67,89.51,7.41,1010.44,105.46
861,12.07,94.69,7.0,1032.32,95.72
862,21.67,89.65,7.19,700.32,103.87
863,17.95,88.04,7.11,841.21,109.26
864,11.45,86.46,7.69,885.41,99.66
865,15.37,88.79,7.16,870.5,110.32
866,17.97,89.97,7.42,919.77,109.77
867,11.63,86.65,7.41,966.29,104.9
868,19.56,87.36,7.47,1155.03,100.72
869,14.43,88.89,6.76,848.24,104.22
870,15.08,85.68,7.45,998.6,110.74
871,17.65,88.85,6.78,804.51,103.74
872,20.89,89.12,7.05,1098.84,98.99
873,18.48,92.31,7.32,930.29,99.0
874,14.93,94.17,7.76,700.96,101.45
875,12.42,87.06,6.66,902.49,99.8
876,14.09,85.69,7.34,835.75,109.05
877,11.85,94.11,7.26,837.61,99.72
878,21.3,,7.1,888.51,104.79
879,16.85,91.1,8.0,976.51,101.19
880,21.28,87.77,7.92,748.26,101.21
881,17.34,87.34,7.15,851.16,
882,17.83,87.97,6.79,860.89,104.22
883,15.01,89.64,7.14,943.6,110.08
884,14.01,88.03,7.32,926.56,110.03
885,15.67,85.97,6.84,919.74,105.25
886,15.73,83.26,7.14,950.5,105.32
887,17.27,88.2,7.98,,105.04
888,16.2,87.84,6.81,914.95,106.2
889,17.49,88.99,6.58,904.48,106.15
890,14.89,86.56,7.8,996.17,104.39
891,17.06,87.36,7.85,846.29,104.93
892,17.78,81.53,7.48,913.03,104.28
893,21.37,89.82,7.49,900.82,
894,17.96,86.94,6.69,983.94,103.73
895,11.67,85.45,7.35,737.75,103.66
896,14.11,88.88,7.71,728.37,104.08
897,21.45,,7.39,701.1,105.49
898,13.25,85.11,7.23,870.28,103.84
899,19.55,86.1,7.14,754.13,105.18
900,19.55,90.34,7.66,882.64,94.64
901,10.93,85.23,7.17,809.19,103.68
902,16.24,87.37,7.07,942.29,109.63
903,17.97,79.68,7.97,917.26,99.88
904,10.74,87.15,7.41,725.38,104.33
905,15.73,88.87,7.2,996.7,109.42
906,16.39,,7.46,,103.55
907,14.14,88.1,6.7,1015.04,99.01
908,16.39,81.35,7.05,1083.86,100.52
909,19.34,87.09,6.83,796.8,99.97
910,11.58,88.69,7.78,912.02,101.48
911,20.15,86.17,7.9,1074.87,95.06
912,21.33,85.7,7.2,1101.3,100.78
913,16.03,75.84,7.47,908.8,103.58
914,21.58,88.2,6.54,920.55,99.34
915,19.2,83.33,7.77,891.48,96.13
916,16.18,89.6,7.26,900.08,110.63
917,21.59,85.04,7.87,809.41,101.23
918,14.81,86.32,7.82,918.52,104.51
919,15.7,87.21,7.29,,103.73
920,13.54,85.83,7.39,805.78,105.07
921,15.84,82.36,7.37,792.33,103.67
922,14.1,90.68,7.07,903.54,106.1
923,14.21,86.7,6.79,938.66,105.74
924,10.46,88.72,7.17,974.08,105.36
925,13.77,93.88,7.75,862.98,95.64
926,17.05,77.64,7.43,730.2,104.21
927,18.12,92.46,7.32,758.57,101.1
928,18.15,86.88,7.71,989.47,99.04
929,16.0,87.25,6.65,858.98,103.95
930,16.96,81.75,7.13,992.16,106.13
931,15.04,84.24,7.64,883.23,99.64
932,13.05,87.59,7.61,760.19,98.7
933,16.42,94.68,7.97,953.87,99.66
934,17.01,87.96,7.09,1154.52,105.23
935,14.91,85.39,7.09,930.7,110.65
936,21.29,75.82,7.63,810.08,96.43
937,18.22,87.45,6.79,840.58,98.78
938,17.15,88.96,6.55,943.79,105.42
939,17.84,87.77,7.27,1112.65,104.68
940,14.22,89.87,7.37,826.36,109.71
941,17.8,88.23,7.03,942.26,110.67
942,11.53,85.78,7.4,1011.64,98.93
943,14.8,92.53,7.44,1084.4,99.36
944,16.79,75.86,7.24,978.77,
945,14.69,85.54,7.33,940.74,108.76
946,16.79,76.07,7.1,1110.46,99.7
947,19.46,87.46,6.89,981.32,100.38
948,16.37,,7.01,1112.51,106.42
949,12.49,89.82,7.03,811.3,105.1
950,14.14,90.46,7.02,795.23,103.76
951,21.88,86.7,7.46,894.85,104.49
952,19.6,89.44,7.07,,103.53
953,19.39,79.02,7.22,999.27,99.52
954,10.88,85.89,6.87,831.24,100.04
955,16.83,91.31,7.13,843.47,106.13
956,17.86,89.48,7.42,967.92,108.59
957,14.09,89.13,7.05,875.96,109.65
958,17.83,90.73,7.11,762.54,103.92
959,15.1,92.22,7.49,912.48,104.91
960,15.34,85.93,7.71,818.46,104.27
961,19.43,94.99,7.2,744.64,100.28
962,,86.22,6.86,996.7,100.26
963,16.69,85.12,7.31,772.31,108.73
964,20.65,86.76,7.88,854.78,
965,21.28,81.37,7.63,888.42,94.63
966,16.03,,6.61,983.29,105.71
967,19.6,85.01,7.04,852.25,105.84
968,15.48,88.48,7.34,870.65,111.04
969,16.11,85.24,7.35,866.63,108.54
970,15.18,87.44,7.27,917.89,109.75
971,17.33,93.41,7.33,1192.89,99.57
972,21.72,94.26,7.84,1013.3,89.63
973,15.49,86.46,7.34,934.05,109.29
974,13.14,88.84,7.2,843.61,104.91
975,16.61,89.05,7.26,1042.77,105.41
976,14.86,87.19,7.23,1068.5,104.59
977,21.74,81.38,7.37,747.56,101.23
978,11.01,88.35,7.24,897.95,106.06
979,19.26,87.53,7.49,705.21,106.12
980,16.53,89.51,7.09,1098.6,104.17
981,17.62,88.05,7.09,726.11,109.1
982,12.4,87.88,7.1,771.83,106.13
983,14.88,86.93,6.83,817.52,105.1
984,15.94,92.07,6.85,859.22,101.46
985,13.75,86.84,7.49,918.19,103.91
986,16.52,81.04,7.38,989.0,105.23
987,13.87,88.06,7.61,908.41,99.76
988,16.11,88.86,7.03,897.25,109.59
989,20.14,85.25,7.4,852.21,104.44
990,15.1,85.47,7.39,1169.14,105.89
991,17.09,82.62,7.05,906.67,103.78
992,10.2,85.07,7.32,1021.08,99.45
993,16.67,88.29,6.88,784.23,105.34
994,15.33,87.6,7.34,939.54,109.26
995,20.07,87.45,6.9,808.48,101.14
996,17.17,75.76,7.08,993.86,104.22
997,14.46,85.82,7.28,700.69,111.15
998,15.37,89.96,7.45,1045.97,104.41
999,11.24,86.39,7.32,1153.11,100.14
1000,13.16,89.12,,884.24,105.22
